variant,matrix_variant,init_bin,eval_mode,expected_return,expected_step_reward,expected_maneuver_reward,expected_deviation_reward,expected_terminal_risk_reward,collision_prob,expected_miss_km,expected_dv_ms,expected_syncs,expected_agent_burns,missing_action_mass,terminal_bin_0_prob,terminal_bin_1_prob,terminal_bin_2_prob,terminal_bin_3_prob,terminal_bin_4_prob,terminal_bin_5_prob,terminal_bin_6_prob,terminal_bin_7_prob,terminal_bin_8_prob,terminal_bin_9_prob,base_variant,policy_value,solve_seconds,sync_states,dv_mag,solver_mode,ti1_enabled,interleaved_replanning,policy_len,policy_complete,initial_solve_seconds,interleaved_solve_seconds,replan_count,plan_count,rsmaa_cluster_type,rsmaa_heuristic,rsmaa_rec_type
Centralized,centralized,0,expected,-22.2922855022018,0.0,-20.66991483326863,-1.0466375708674431,-0.5757330980656904,0.0,231.1194267887679,1.0334957416634327,15.99999999998707,2.0669914833268654,0.0,0.0,0.0,0.0,0.0,0.0,3.6683036545452703e-11,3.4219005453602016e-06,0.11512950937742389,0.8525172990547302,0.03234976963061756,Centralized,-22.286032636069685,4.796703200000593,1441,0.5,fixed,False,False,16,True,4.796703200000593,0.0,0,1,,,
Centralized,centralized,1,expected,-22.282906202861025,0.0,-20.665880305058597,-1.0463574463128624,-0.5706684514895444,0.0,231.65483565436125,1.0332940152529293,15.999999999987136,2.0665880305058586,0.0,0.0,0.0,0.0,0.0,0.0,3.6464139282979264e-11,3.4014811719286958e-06,0.11411668216342988,0.8530399986636114,0.032839917655322744,Centralized,-22.286032636069685,4.796703200000593,1441,0.5,fixed,False,False,16,True,4.796703200000593,0.0,0,1,,,
Centralized,centralized,2,expected,-22.282906202861025,0.0,-20.665880305058597,-1.0463574463128624,-0.5706684514895444,0.0,231.65483565436125,1.0332940152529293,15.999999999987136,2.0665880305058586,0.0,0.0,0.0,0.0,0.0,0.0,3.6464139282979264e-11,3.4014811719286958e-06,0.11411668216342988,0.8530399986636114,0.032839917655322744,Centralized,-22.286032636069685,4.796703200000593,1441,0.5,fixed,False,False,16,True,4.796703200000593,0.0,0,1,,,
SDec,sdec,0,expected,-22.447669721437975,0.0,-20.311508646343423,-1.075697856735462,-1.0604632183590845,2.1054740854909275e-06,226.46394612975112,1.0155754323171713,5.999999999999997,2.0311508646343426,0.0,2.104573005232636e-06,9.010802582914692e-10,0.0,2.5854944476481796e-09,7.388589047485626e-06,2.5450113949116925e-05,0.01639665459827632,0.12494558778873248,0.8262730412199863,0.0323497696304284,SDec,-22.441134414441922,28.57029220000004,541,0.5,fixed,False,False,16,True,28.57029220000004,0.0,0,1,,,
SDec,sdec,1,expected,-22.437866760943905,0.0,-20.311508646343423,-1.075697856735462,-1.0506602578650153,2.1054740854909275e-06,227.0320174217676,1.0155754323171713,5.9999999999999964,2.0311508646343426,0.0,2.104573005232636e-06,9.010802582914695e-10,0.0,2.58549444764818e-09,7.388589047485629e-06,2.545011394911693e-05,0.016200595388394932,0.12396529173932555,0.8269592484545711,0.032839917655131855,SDec,-22.441134414441922,28.57029220000004,541,0.5,fixed,False,False,16,True,28.57029220000004,0.0,0,1,,,
SDec,sdec,2,expected,-22.437866760943905,0.0,-20.311508646343423,-1.075697856735462,-1.0506602578650153,2.1054740854909275e-06,227.0320174217676,1.0155754323171713,5.9999999999999964,2.0311508646343426,0.0,2.104573005232636e-06,9.010802582914695e-10,0.0,2.58549444764818e-09,7.388589047485629e-06,2.545011394911693e-05,0.016200595388394932,0.12396529173932555,0.8269592484545711,0.032839917655131855,SDec,-22.441134414441922,28.57029220000004,541,0.5,fixed,False,False,16,True,28.57029220000004,0.0,0,1,,,
Decentralized,dec,0,expected_rsmaa,-165.9648268041348,0.0,-20.0,-1.0,-144.9648268041348,0.012098830622053565,225.09450306926408,1.0,0.0,2.0,0.0,0.0031784449157493005,0.008920385706304265,0.007703149575966239,0.0,0.0,0.0,0.012743848642289973,0.10969512792863448,0.8254092736006274,0.0323497696304284,Decentralized,-165.9582914971387,100.02870540000004,0,0.5,rsmaa,False,False,16,True,100.02870540000004,0.0,0,1,lossless,MDP,MDP
Decentralized,dec,1,expected_rsmaa,-165.95502384364073,0.0,-20.0,-1.0,-144.9550238436407,0.012098830622053563,225.66257436128052,1.0,0.0,2.0,0.0,0.003178444915749301,0.008920385706304263,0.0077031495759662385,0.0,0.0,0.0,0.012547789432408588,0.10871483187922754,0.8260954808352122,0.032839917655131855,Decentralized,-165.9582914971387,100.02870540000004,0,0.5,rsmaa,False,False,16,True,100.02870540000004,0.0,0,1,lossless,MDP,MDP
Decentralized,dec,2,expected_rsmaa,-165.95502384364073,0.0,-20.0,-1.0,-144.9550238436407,0.012098830622053563,225.66257436128052,1.0,0.0,2.0,0.0,0.003178444915749301,0.008920385706304263,0.0077031495759662385,0.0,0.0,0.0,0.012547789432408588,0.10871483187922754,0.8260954808352122,0.032839917655131855,Decentralized,-165.9582914971387,100.02870540000004,0,0.5,rsmaa,False,False,16,True,100.02870540000004,0.0,0,1,lossless,MDP,MDP
